sample_id,nHM,piPC09,PCD,X2Av,MLOGP,ON1V,N-072,B02[C-N],F04[C-O],regression_target,classification_target
2234-13-1,8,7.157,2.41,0.21,6.55,0.97,0,0,0,2.58,3
108-42-9,1,0.0,1.23,0.2,2.13,0.68,0,1,0,0.33,3
106-43-4,1,0.0,1.23,0.22,3.21,0.84,0,0,0,1.8,1
108-87-2,0,0.0,0.0,0.34,3.48,1.67,0,0,0,2.32,1
101-81-5,0,5.614,2.21,0.19,4.15,1.47,0,0,0,2.97,1
636-28-2,4,0.0,1.25,0.36,5.21,0.6,0,0,0,3.7,1
610-39-9,0,4.808,1.74,0.14,2.24,0.99,0,1,8,0.21,3
2042-14-0,0,0.0,1.5,0.15,1.7,0.92,0,1,7,1.02,1
95-48-7,0,0.0,1.24,0.18,1.86,0.86,0,0,1,1.03,1
25311-71-1,2,5.096,1.39,0.28,2.99,2.96,0,1,14,2.12,3
87-40-1,3,0.0,1.25,0.21,3.62,0.77,0,0,1,2.84,1
4162-45-2,4,6.698,2.17,0.24,4.46,2.64,0,0,4,2.26,3
108-45-2,0,0.0,1.23,0.17,0.89,0.72,0,1,0,0.81,2
32598-11-1,4,6.347,2.32,0.21,5.99,1.22,0,0,0,5.08,1
488-23-3,0,0.0,1.26,0.21,3.56,1.47,0,0,0,2.82,1
21609-90-5,5,5.873,2.07,0.3,4.54,1.54,0,0,7,3.78,3
26225-79-6,1,5.828,1.4,0.21,1.67,2.18,0,0,10,2.16,2
101-84-8,0,5.614,2.21,0.16,3.4,1.31,0,0,2,2.57,1
83055-99-6,1,5.711,2.25,0.17,1.77,2.19,2,1,11,0.2,3
33629-47-9,0,4.849,1.6,0.2,3.81,2.65,0,1,8,3.29,1
206-44-0,0,8.486,4.12,0.15,4.76,1.65,0,0,0,3.5,1
71-55-6,3,0.0,0.0,0.61,2.23,0.36,0,0,0,0.59,3
29761-21-5,1,5.485,1.64,0.24,5.65,3.86,0,0,18,2.73,3
173584-44-6,1,7.224,2.57,0.14,2.78,2.78,2,1,17,2.72,3
57-74-9,8,4.89,0.34,0.25,5.47,1.46,0,0,0,4.29,1
57018-04-9,4,4.523,1.3,0.3,3.05,1.29,0,0,5,2.85,1
83-79-4,0,7.606,2.65,0.15,1.94,2.96,0,0,18,1.41,3
10113-28-7,1,3.446,1.23,0.24,2.01,1.12,0,0,7,2.76,2
58-90-2,4,0.0,1.26,0.21,3.62,0.61,0,0,1,2.16,3
16766-29-3,3,2.151,1.26,0.19,3.03,0.94,0,0,4,3.5,2
16605-91-7,2,6.019,2.31,0.19,4.95,1.26,0,0,0,3.85,1
634-67-3,3,0.0,1.26,0.21,3.31,0.66,0,1,0,2.0,1
13674-87-8,7,0.0,0.09,0.29,4.03,1.73,0,0,18,1.18,3
17109-49-8,3,5.316,1.93,0.42,3.78,2.02,0,0,9,1.51,3
100-17-4,0,0.0,1.47,0.14,1.7,0.88,0,1,5,0.93,1
32669-06-0,1,5.784,1.98,0.19,3.9,1.85,0,0,4,2.6,1
375-95-1,0,2.944,0.06,0.1,4.66,1.2,0,0,2,3.4,2
94-74-6,1,3.992,1.32,0.18,2.09,1.13,0,0,3,0.0,3
218-165-4,0,3.611,0.05,0.1,5.57,1.47,0,0,2,3.46,2
101-20-2,3,5.34,2.1,0.18,3.99,1.46,2,1,4,1.99,1
66-81-9,0,4.078,0.29,0.22,1.02,2.84,1,1,10,0.21,1
119-33-5,0,0.0,1.5,0.15,1.7,0.92,0,1,5,0.96,1
1222-05-5,0,6.285,1.27,0.22,4.25,2.96,0,0,2,3.02,3
120-83-2,2,0.0,1.24,0.2,2.73,0.63,0,0,1,1.71,1
95-49-8,1,0.0,1.24,0.22,3.21,0.85,0,0,0,1.86,1
88-73-3,1,0.0,1.51,0.16,2.51,0.72,0,1,4,1.44,1
18936-52-2,3,4.437,1.56,0.28,1.87,1.16,0,1,5,2.33,1
1241-94-7,1,5.547,1.7,0.23,5.21,3.52,0,0,19,2.59,3
298-00-0,2,4.447,1.47,0.26,1.6,1.18,0,1,9,1.89,1
581-40-8,0,6.423,2.38,0.18,3.96,1.46,0,0,0,2.71,1
38411-22-2,6,6.545,2.4,0.21,6.47,1.21,0,0,0,5.43,2
75-25-2,3,0.0,0.0,2.23,2.42,0.14,0,0,0,1.18,1
52712-05-7,7,6.654,2.35,0.21,6.7,1.19,0,0,0,5.93,2
56113-42-9,4,4.239,1.49,0.17,2.71,0.86,1,1,9,0.49,1
696-44-6,0,0.0,1.23,0.19,2.19,1.12,0,1,0,0.86,1
55290-64-7,2,0.0,0.86,0.36,-0.23,1.17,0,0,4,0.63,1
"66441-23-4,71283-80-2",1,7.079,3.18,0.15,3.47,2.55,0,1,11,0.69,3
89-63-4,1,0.0,1.5,0.16,1.97,0.74,0,1,4,1.06,3
"35822-46-9,37871-00-4",7,7.447,2.51,0.18,4.8,1.21,0,0,4,3.67,3
91-23-6,0,3.446,1.52,0.14,1.7,0.89,0,1,5,0.6,1
52712-04-6,6,6.577,2.34,0.21,6.47,1.2,0,0,0,5.81,2
623-26-7,0,0.0,1.79,0.15,1.4,0.78,0,1,0,0.23,1
18259-05-7,5,6.366,2.29,0.2,6.23,1.23,0,0,0,4.85,1
299-84-3,5,4.275,1.29,0.3,3.32,1.07,0,0,5,3.58,1
156-43-4,0,0.0,1.21,0.17,1.58,1.26,0,1,1,0.76,1
1746-01-6,4,7.183,2.48,0.18,4.09,1.23,0,0,4,4.79,1
83121-18-0,2,5.597,2.16,0.14,3.99,1.54,2,1,5,2.81,1
81-16-3,1,6.771,2.59,0.19,1.44,1.18,0,1,9,0.53,1
877-11-2,5,0.0,1.27,0.23,5.21,0.8,0,0,0,3.83,1
126-73-8,1,1.946,0.1,0.32,3.23,3.38,0,0,12,1.38,3
131-57-7,0,5.981,2.21,0.15,3.18,1.54,0,0,7,2.03,1
120-54-7,6,3.367,0.14,0.46,1.94,2.75,2,1,0,1.18,3
67747-09-5,3,5.091,1.71,0.19,3.37,2.41,1,1,6,2.59,1
95-51-2,1,0.0,1.24,0.19,2.13,0.68,0,1,0,0.93,1
87-86-5,5,0.0,1.27,0.21,3.91,0.6,0,0,1,2.67,3
57117-31-4,5,7.974,3.26,0.18,5.22,1.2,0,0,2,4.13,3
79-34-5,4,0.0,0.0,0.5,2.6,0.3,0,0,0,1.07,1
28076-73-5,4,6.124,2.28,0.2,4.97,1.24,0,0,2,4.14,1
118-44-5,0,6.455,2.38,0.17,3.21,1.7,0,1,0,2.35,1
52888-80-9,1,4.492,1.12,0.25,3.09,2.65,1,1,3,2.84,1
115-86-6,1,6.124,2.23,0.19,4.79,2.09,0,0,21,2.38,3
108-62-3,0,0.0,0.0,0.18,0.98,1.78,0,0,8,1.04,2
7287-19-6,1,3.726,1.22,0.23,2.89,2.13,0,1,0,1.93,1
629-25-4,0,1.946,0.12,0.31,4.17,2.97,0,0,2,2.4,3
1563-66-2,0,5.098,1.37,0.18,1.46,1.79,1,0,7,1.08,1
117-18-0,4,0.0,1.5,0.19,4.0,0.68,0,1,4,3.25,1
13071-79-9,4,0.0,0.11,0.65,1.97,2.26,0,0,2,2.73,1
108-95-2,0,0.0,1.23,0.17,1.51,0.66,0,0,1,0.9,1
608-93-5,5,0.0,1.26,0.23,4.93,0.6,0,0,0,3.84,1
2497-06-5,4,1.099,0.3,0.59,0.62,2.36,0,0,4,0.52,1
32598-14-4,5,6.529,2.31,0.21,6.23,1.21,0,0,0,4.28,1
87-82-1,6,0.0,1.27,0.37,6.0,0.59,0,0,0,3.0,3
603-11-2,0,5.078,1.71,0.12,1.43,0.94,0,1,18,0.55,1
10541-83-0,0,0.0,1.35,0.15,1.47,1.02,0,1,4,0.07,1
94-75-7,2,3.992,1.32,0.18,2.35,0.92,0,0,3,-0.5,3
116714-46-6,1,5.979,2.11,0.13,3.33,2.01,2,1,8,3.32,1
"1461-22-9,56573-85-4",2,0.0,0.0,1.38,4.76,3.41,0,0,0,3.3,1
78-51-3,1,3.434,0.07,0.28,2.44,4.63,0,0,15,0.67,3
99-30-9,2,0.0,1.48,0.17,2.57,0.73,0,1,4,1.88,1
19666-30-9,2,6.208,1.6,0.2,4.03,2.42,1,1,6,2.49,3
69327-76-0,1,5.548,1.34,0.23,2.96,2.66,2,1,4,2.71,1
111479-05-1,1,7.438,3.55,0.16,3.11,3.08,0,1,9,2.77,1
1687-30-5,0,2.303,0.26,0.2,0.73,1.54,0,0,12,0.05,1
54135-82-9,3,0.0,1.25,0.21,3.62,0.77,0,0,1,3.09,1
121-75-5,3,1.386,0.26,0.43,0.49,2.23,0,0,10,1.26,1
779-02-2,0,7.808,3.54,0.16,4.59,1.67,0,0,0,2.72,3
21087-64-9,1,0.0,0.89,0.23,1.6,1.43,1,1,3,1.02,1
51-44-5,2,0.0,1.36,0.18,2.89,0.73,0,0,4,0.1,3
74051-80-2,1,4.5,0.69,0.27,2.3,3.71,0,1,9,0.93,3
834-12-8,1,3.446,1.22,0.21,2.59,2.01,0,1,0,1.52,1
86-30-6,0,5.614,2.13,0.15,3.22,1.4,1,1,4,1.41,3
62-56-6,1,0.0,0.24,0.29,-1.43,0.21,2,0,0,0.05,1
119446-68-3,2,6.924,2.55,0.17,4.34,2.53,0,1,8,2.5,1
105-05-5,0,0.0,1.22,0.21,3.56,1.81,0,0,0,2.71,1
106-46-7,2,0.0,1.23,0.23,3.48,0.63,0,0,0,2.65,1
57117-39-2,4,7.849,3.26,0.18,4.97,1.21,0,0,2,2.72,3
83-42-1,1,0.0,1.51,0.17,2.84,0.92,0,1,6,1.99,1
68359-37-5,2,6.576,2.38,0.19,4.28,2.72,0,1,13,2.7,3
591-27-5,0,0.0,1.23,0.16,0.89,0.69,0,1,1,1.22,2
3347-22-6,2,7.064,2.38,0.19,1.32,1.41,0,1,8,1.43,1
108-43-0,1,0.0,1.23,0.19,2.13,0.64,0,0,1,1.14,1
31508-00-6,5,6.529,2.31,0.21,6.23,1.21,0,0,0,4.38,1
615-74-7,1,0.0,1.24,0.2,2.46,0.84,0,0,2,0.62,3
15299-99-7,0,6.76,2.39,0.17,3.1,2.82,1,1,8,1.99,1
104-88-1,1,0.0,1.39,0.19,2.37,0.73,0,0,2,0.32,3
60-29-7,0,0.0,0.0,0.26,0.8,1.17,0,0,0,0.61,1
108-39-4,0,0.0,1.23,0.18,1.86,0.86,0,0,2,1.03,1
626-17-5,0,0.0,1.8,0.15,1.4,0.78,0,1,0,0.58,1
13936-21-5,0,7.24,2.63,0.17,4.11,2.78,0,0,10,3.02,3
611-06-3,2,0.0,1.5,0.18,3.11,0.7,0,1,4,2.07,1
120068-37-3,3,7.201,2.29,0.16,2.65,1.43,0,1,1,2.51,1
26002-80-2,0,6.329,2.38,0.19,4.58,3.1,0,0,12,2.62,3
947-04-6,0,2.89,0.12,0.29,2.46,2.85,1,1,2,0.29,3
38444-86-9,3,6.173,2.31,0.2,5.47,1.24,0,0,0,4.57,1
106-41-2,1,0.0,1.23,0.24,2.3,0.64,0,0,1,1.21,1
136426-54-5,2,7.657,3.37,0.15,4.85,1.83,1,1,4,1.94,1
39807-15-3,2,6.332,1.76,0.19,3.95,1.99,1,1,6,2.82,1
95-50-1,2,0.0,1.24,0.22,3.48,0.63,0,0,0,2.47,1
110235-47-7,0,6.219,2.56,0.16,2.96,1.73,0,1,0,2.45,1
298-07-7,1,2.565,0.08,0.31,4.27,4.31,0,0,10,0.62,3
61949-76-6,2,6.329,2.38,0.2,4.58,2.67,0,0,12,2.65,3
2691-41-0,0,4.174,0.63,0.13,2.36,1.23,0,1,0,-0.3,1
512-56-1,1,0.0,0.17,0.33,0.11,0.63,0,0,0,-0.06,1
91-58-7,1,6.29,2.37,0.18,3.95,1.04,0,0,0,3.63,2
"95-47-6,1330-20-7",0,0.0,1.24,0.21,2.94,1.06,0,0,0,1.15,3
71626-11-4,0,5.9,1.93,0.17,3.65,2.75,1,1,10,1.76,1
126-30-7,0,0.0,0.0,0.31,0.33,0.95,0,0,0,0.42,1
72-43-5,3,6.055,2.03,0.22,4.27,1.89,0,0,2,2.5,3
900-95-8,1,6.865,2.23,0.44,5.27,2.4,0,0,9,3.4,2
534-52-1,0,0.0,1.68,0.13,1.75,0.99,0,1,9,0.25,3
79-92-5,0,0.0,0.17,0.25,3.37,1.77,0,0,0,2.98,1
2243-62-1,0,6.423,2.39,0.16,2.02,1.13,0,1,0,0.46,1
462-08-8,0,0.0,1.23,0.16,-0.15,0.61,0,1,0,0.07,1
67562-39-4,7,8.186,3.27,0.19,5.69,1.19,0,0,2,3.45,3
61-82-5,0,0.0,0.95,0.13,-0.23,0.39,0,1,0,0.24,1
78-59-1,0,0.0,0.52,0.27,1.95,1.46,0,0,4,0.35,1
333-41-5,2,4.799,1.24,0.28,2.43,2.71,0,1,8,1.8,3
66332-96-5,0,6.094,2.29,0.15,4.18,2.28,1,1,6,1.65,3
90-41-5,0,5.837,2.31,0.16,3.13,1.32,0,1,0,1.44,1
115-96-8,4,0.0,0.12,0.32,2.36,1.35,0,0,9,0.16,1
76-12-0,4,0.0,0.0,0.29,2.96,0.28,0,0,0,1.84,1
52322-80-2,3,6.019,2.23,0.19,4.72,1.26,0,0,2,3.64,1
6639-30-1,3,0.0,1.25,0.23,4.37,0.82,0,0,0,3.78,2
764-13-6,0,0.0,0.72,0.31,3.04,1.28,0,0,0,2.41,1
872-05-9,0,1.099,0.15,0.36,4.68,2.33,0,0,0,3.22,3
74-11-3,1,0.0,1.36,0.17,2.3,0.75,0,0,4,1.0,3
34883-39-1,2,6.019,2.31,0.19,4.95,1.25,0,0,0,3.92,1
2593-15-9,4,0.0,0.93,0.28,2.07,1.02,0,1,1,2.22,1
90-43-7,0,5.837,2.31,0.16,3.13,1.29,0,0,3,1.34,3
38380-07-3,6,6.609,2.34,0.21,6.47,1.21,0,0,0,5.77,2
829-26-5,0,6.565,2.38,0.19,4.23,1.65,0,0,0,3.0,1
67564-91-4,0,4.716,1.08,0.25,3.83,3.57,0,1,1,3.03,1
91-20-3,0,6.136,1.25,0.21,3.56,1.56,0,0,0,2.15,1
57465-28-8,5,6.609,2.28,0.21,6.23,1.21,0,0,0,4.68,1
309-00-2,6,6.028,0.65,0.23,5.36,1.69,0,0,0,3.82,3
107534-96-3,1,5.22,1.59,0.22,4.01,2.49,0,1,2,2.0,1
59-50-7,1,0.0,1.24,0.2,2.46,0.84,0,0,2,0.98,3
98-95-3,0,0.0,1.5,0.15,1.89,0.73,0,1,4,0.66,1
579-10-2,0,0.0,1.29,0.17,1.95,1.2,1,1,2,0.07,1
95-16-9,1,0.0,2.08,0.21,1.5,0.78,0,1,0,0.8,1
88-72-2,0,0.0,1.51,0.16,2.24,0.93,0,1,6,1.3,1
175013-18-0,1,6.822,3.29,0.15,3.69,2.36,1,1,13,2.85,1
208-96-8,0,7.097,2.69,0.16,3.88,1.24,0,0,0,2.48,1
134-62-3,0,3.726,1.25,0.19,2.82,2.16,1,1,4,0.34,3
298-02-2,4,0.0,0.12,0.71,1.32,2.05,0,0,2,2.68,1
2050-68-2,2,6.196,2.27,0.19,4.95,1.25,0,0,0,3.58,1
61328-45-8,4,6.157,2.24,0.2,4.97,1.24,0,0,2,4.11,1
82558-50-7,0,6.124,2.06,0.17,2.6,3.01,1,1,9,1.85,3
103-69-5,0,0.0,1.2,0.19,2.19,1.3,0,1,0,1.05,1
36734-19-7,2,5.526,1.3,0.18,2.01,1.98,3,1,8,2.19,1
376-06-7,0,4.159,0.04,0.1,6.82,1.87,0,0,2,4.26,2
3296-90-0,2,0.0,0.0,0.32,1.39,0.84,0,0,0,0.42,1
25057-89-0,1,5.633,1.54,0.21,1.55,1.64,1,1,12,1.32,1
3268-87-9,8,7.529,2.52,0.19,5.03,1.2,0,0,4,3.12,3
1897-45-6,4,0.0,1.72,0.19,3.13,0.74,0,1,0,1.53,1
131341-86-1,0,6.766,2.44,0.12,1.42,1.32,0,1,5,2.56,1
99-65-0,0,0.0,1.71,0.13,1.89,0.79,0,1,8,0.77,1
51-28-5,0,0.0,1.7,0.12,1.4,0.79,0,1,9,0.31,1
95-69-2,1,0.0,1.24,0.2,2.46,0.88,0,1,0,1.37,1
112410-23-8,0,5.864,1.92,0.2,4.76,3.35,2,1,10,1.84,3
330-54-1,2,3.726,1.28,0.2,2.65,1.2,2,1,2,0.95,3
98-82-8,0,0.0,1.2,0.23,3.26,1.36,0,0,0,1.55,3
80844-07-1,0,6.297,3.05,0.19,4.77,3.41,0,0,8,3.6,3
85-68-7,0,5.833,2.29,0.17,4.09,2.76,0,0,17,1.01,3
108-60-1,2,0.0,0.0,0.3,2.27,1.25,0,0,0,1.02,1
87130-20-9,0,4.881,1.28,0.17,1.87,2.69,1,1,10,2.52,2
87-84-3,6,0.0,0.0,0.47,4.76,0.95,0,0,0,2.43,3
611-21-2,0,0.0,1.24,0.19,2.19,1.13,0,1,0,0.9,1
88-85-7,0,3.894,1.63,0.16,2.7,1.83,0,1,11,1.14,3
118-79-6,3,0.0,1.25,0.31,3.76,0.62,0,0,1,2.71,1
1071-83-6,1,0.0,0.29,0.27,-1.96,0.68,0,1,5,1.4,2
68-12-2,0,0.0,0.22,0.27,-0.27,0.52,1,0,0,-0.11,1
2050-76-2,2,6.565,2.39,0.18,3.75,1.04,0,0,3,1.19,3
2636-26-2,2,4.275,1.49,0.28,1.3,1.18,0,1,5,1.56,1
60207-90-1,2,6.117,1.51,0.18,4.17,2.48,0,1,8,2.06,1
98-15-7,1,0.0,1.2,0.15,3.95,0.76,0,0,0,2.34,2
634-93-5,3,0.0,1.25,0.22,3.31,0.65,0,1,0,2.04,1
2581-34-2,0,0.0,1.5,0.15,1.7,0.92,0,1,8,1.16,1
3209-22-1,2,0.0,1.51,0.17,3.11,0.7,0,1,4,2.16,1
59261-08-4,6,6.577,2.38,0.31,7.15,1.19,0,0,0,4.66,1
70124-77-5,0,6.654,2.98,0.16,4.25,3.3,0,1,16,3.6,3
95-64-7,0,0.0,1.24,0.2,2.19,1.09,0,1,0,0.8,1
542-18-7,1,0.0,1.23,0.22,2.88,0.65,0,0,0,2.35,1
117-81-7,0,5.42,1.37,0.22,5.43,5.02,0,0,18,2.38,3
88-19-7,1,0.0,1.47,0.24,0.78,0.97,0,1,6,0.29,1
108-57-6,0,0.0,1.54,0.17,3.39,1.06,0,0,0,2.54,1
87-68-3,6,0.0,0.65,0.32,3.66,0.4,0,0,0,3.82,1
944-22-9,3,3.726,1.2,0.57,2.72,1.94,0,0,2,1.89,3
15258-73-8,2,0.0,1.26,0.21,2.78,0.81,0,0,2,0.43,3
81777-89-1,1,5.053,1.24,0.2,2.68,1.72,1,1,3,1.6,1
134-32-7,0,6.29,2.38,0.16,2.64,1.1,0,1,0,1.44,1
6165-51-1,0,5.901,2.19,0.2,4.92,2.12,0,0,0,2.86,3
500-28-7,3,4.559,1.47,0.26,2.19,1.17,0,1,9,1.55,3
34643-46-4,5,4.627,1.21,0.44,3.63,2.17,0,0,6,3.77,1
120-71-8,0,0.0,1.24,0.17,1.58,1.05,0,1,1,0.69,1
21564-17-0,3,5.662,2.27,0.31,2.24,1.05,0,1,0,2.07,1
106-37-6,2,0.0,1.23,0.33,3.8,0.63,0,0,0,2.25,1
82-45-1,0,7.063,2.67,0.14,2.84,1.49,0,1,10,2.03,1
119-12-0,2,6.072,1.81,0.23,2.89,2.46,1,1,11,0.77,3
100-25-4,0,0.0,1.69,0.13,1.89,0.79,0,1,8,-0.4,3
2008-41-5,1,0.0,0.12,0.35,2.57,2.58,1,1,3,2.61,1
613-12-7,0,7.859,3.53,0.17,4.59,1.65,0,0,0,2.41,3
126-33-0,1,0.0,0.37,0.42,0.09,0.97,0,0,0,0.62,1
56-23-5,4,0.0,0.0,0.64,2.23,0.14,0,0,0,0.95,3
626-67-5,0,0.0,0.0,0.3,1.2,1.4,0,1,0,0.51,1
3766-81-2,0,4.123,1.35,0.18,2.39,2.08,1,0,5,0.94,3
89-69-0,3,0.0,1.49,0.19,3.7,0.68,0,1,4,1.84,1
79277-27-3,2,5.58,2.03,0.19,1.21,1.79,2,1,10,-0.1,3
636-30-6,3,0.0,1.25,0.22,3.31,0.65,0,1,0,2.33,1
101-14-4,2,6.188,2.23,0.19,3.84,1.5,0,1,0,2.33,1
82-05-3,0,8.117,3.72,0.15,4.18,1.76,0,0,5,2.12,3
2136-99-4,8,6.803,2.39,0.21,6.93,1.18,0,0,0,5.82,2
36559-22-5,4,6.285,2.34,0.2,5.99,1.23,0,0,0,4.53,1
123-91-1,0,0.0,0.0,0.2,-0.47,0.83,0,0,0,-0.29,1
143-50-0,10,6.405,0.11,0.21,4.91,1.27,0,0,2,3.19,3
99-08-1,0,0.0,1.49,0.16,2.24,0.92,0,1,4,1.02,1
123-63-7,0,0.0,0.0,0.18,0.7,1.33,0,0,3,0.28,1
38380-08-4,6,6.654,2.3,0.21,6.47,1.2,0,0,0,5.88,2
1634-04-4,0,0.0,0.0,0.33,1.21,0.96,0,0,0,0.18,1
35554-44-0,2,5.758,1.79,0.19,3.14,1.78,0,1,4,1.81,3
709-98-8,2,3.056,1.31,0.2,3.08,1.37,1,1,2,1.94,1
100-18-5,0,0.0,1.2,0.25,4.14,2.06,0,0,0,3.24,3
2032-65-7,1,3.498,1.32,0.2,2.38,1.6,1,0,5,1.88,1
1912-24-9,1,2.784,1.21,0.19,2.59,1.84,0,1,0,0.73,3
5428-54-6,0,0.0,1.48,0.15,1.7,0.92,0,1,5,0.86,3
110-02-1,1,0.0,0.95,0.32,1.17,0.44,0,0,0,0.79,1
83-32-9,0,6.816,2.35,0.17,3.96,1.47,0,0,0,2.92,1
27314-13-2,1,6.267,1.94,0.14,2.9,1.53,1,1,3,1.45,1
114369-43-6,1,6.262,2.07,0.18,4.4,2.41,0,1,0,2.2,1
133855-98-8/106325-08-0,1,6.866,2.22,0.16,4.4,2.05,0,1,5,1.84,1
91-15-6,0,4.239,1.85,0.15,1.4,0.79,0,1,0,0.55,1
143390-89-0,0,6.152,2.6,0.16,3.07,2.25,0,1,10,2.34,1
13684-63-4,0,5.538,2.22,0.15,2.09,1.99,2,1,11,2.22,1
576-24-9,2,0.0,1.25,0.2,2.73,0.64,0,0,1,1.23,1
95-57-8,1,0.0,1.24,0.19,2.13,0.65,0,0,1,1.21,1
67-68-5,1,0.0,0.24,0.74,-0.32,0.36,0,0,0,0.35,1
23031-36-9,0,5.011,0.85,0.21,3.4,2.82,0,0,11,3.06,1
96-45-7,1,0.0,0.22,0.23,-0.67,0.67,2,1,0,-0.02,1
119168-77-3,1,5.736,1.94,0.2,3.45,2.91,1,1,3,1.14,3
35065-27-1,6,6.609,2.34,0.21,6.47,1.19,0,0,0,5.56,2
76-13-1,3,0.0,0.0,0.23,2.78,0.28,0,0,0,1.66,1
13116-53-5,4,0.0,0.0,0.41,2.96,0.46,0,0,0,1.6,1
38444-90-5,3,6.326,2.27,0.2,5.47,1.23,0,0,0,4.58,1
37680-73-2,5,6.442,2.34,0.21,6.23,1.21,0,0,0,5.05,1
74918-40-4,2,7.557,3.25,0.17,3.93,1.24,0,0,2,3.01,3
1067-97-6,1,0.0,0.0,1.05,3.47,3.43,0,0,3,3.92,2
218-01-9,0,8.626,4.72,0.16,5.17,1.87,0,0,0,2.24,3
96-76-4,0,0.0,1.22,0.26,3.92,2.18,0,0,4,2.46,3
56558-16-8,5,6.405,2.39,0.21,6.23,1.21,0,0,0,4.81,2
5707-44-8,0,6.046,2.26,0.18,4.41,1.85,0,0,0,2.82,3
38380-02-8,5,6.442,2.34,0.21,6.23,1.21,0,0,0,4.7,1
2463-84-5,3,4.751,1.48,0.26,2.19,1.17,0,1,9,1.89,1
13684-56-5,0,5.527,2.18,0.15,2.09,2.21,2,1,12,2.2,1
108-90-7,1,0.0,0.0,0.36,2.57,1.38,0,0,0,1.31,1
41122-70-7,0,6.637,2.45,0.2,4.8,2.91,0,1,0,3.59,3
56558-17-9,5,6.442,2.33,0.21,6.23,1.21,0,0,0,4.81,1
526-73-8,0,0.0,1.25,0.21,3.26,1.26,0,0,0,2.31,1
106-48-9,1,0.0,1.23,0.19,2.13,0.64,0,0,1,1.42,1
103-83-3,0,0.0,1.19,0.23,2.24,1.24,0,1,0,1.05,1
335-67-1,0,2.303,0.07,0.09,4.17,1.07,0,0,2,3.12,2
91-94-1,2,6.477,2.28,0.18,3.59,1.31,0,1,0,2.23,1
"127-20-8,CAE_NA_01",2,0.0,0.19,0.32,1.0,0.48,0,0,0,0.76,2
98-10-2,1,0.0,1.45,0.24,0.43,0.76,0,1,4,0.52,1
95-80-7,0,0.0,1.24,0.18,1.25,0.92,0,1,0,1.45,2
131-09-9,1,7.084,2.66,0.16,3.42,1.44,0,0,10,2.31,3
22224-92-6,2,4.66,1.2,0.27,3.75,2.49,0,1,14,2.04,1
38444-93-8,4,6.326,2.35,0.2,5.99,1.23,0,0,0,4.2,1
1836-77-7,3,6.491,2.46,0.17,4.3,1.32,0,1,6,3.31,1
91-22-5,0,6.136,2.37,0.16,2.07,0.99,0,1,0,0.49,3
77-73-6,0,3.714,0.66,0.21,3.27,1.56,0,0,0,2.38,2
39001-02-0,8,8.281,3.28,0.19,5.91,1.18,0,0,2,2.89,3
3229-00-3,4,0.0,0.0,0.43,4.2,0.79,0,0,0,2.17,3
121-69-7,0,0.0,1.2,0.2,2.19,1.06,0,1,0,0.96,1
60123-65-1,5,6.292,2.26,0.2,5.22,1.23,0,0,2,4.08,3
91-96-3,0,7.066,2.51,0.17,2.24,2.99,2,1,6,-0.03,3
90-30-2,0,7.15,3.37,0.16,4.28,1.75,0,1,0,3.28,1
10315-98-7,0,0.0,0.0,0.28,1.0,1.8,0,1,1,0.23,1
91-66-7,0,0.0,1.17,0.19,2.81,1.86,0,1,0,2.04,1
74-31-7,0,6.634,3.12,0.16,4.34,2.03,0,1,0,3.13,1
35693-99-3,4,6.326,2.35,0.21,5.99,1.22,0,0,0,4.45,1
1163-19-5,10,6.747,2.34,0.32,7.39,1.19,0,0,2,2.29,3
51207-31-9,4,7.856,3.24,0.18,4.97,1.21,0,0,2,3.69,3
741-58-2,4,4.345,1.11,0.42,1.57,2.79,0,1,12,2.94,1
1861-40-1,0,5.324,1.58,0.15,4.21,2.61,0,1,8,3.2,3
2531-84-2,0,7.819,3.53,0.17,4.59,1.66,0,0,0,3.48,1
129-43-1,0,7.063,2.67,0.14,2.84,1.46,0,0,13,2.31,1
56-55-3,0,8.633,4.71,0.16,5.17,1.86,0,0,0,2.48,3
60123-64-0,5,6.263,2.28,0.2,5.22,1.23,0,0,2,4.21,1
3481-20-7,4,0.0,1.26,0.22,3.62,0.64,0,1,0,2.52,1
"294-62-2,830-13-7",0,2.565,0.0,0.35,5.0,3.0,0,0,0,3.95,2
96489-71-3,2,5.904,1.74,0.25,4.75,2.86,1,1,4,1.68,3
145-73-3,0,2.303,0.24,0.17,-0.06,1.38,0,0,12,-0.4,3
217-59-4,0,8.598,4.69,0.16,5.17,1.88,0,0,0,2.41,3
1825-31-6,2,6.451,2.38,0.19,4.49,1.04,0,0,0,3.75,1
962-58-3,1,4.799,1.24,0.22,2.88,2.71,0,1,11,-0.35,3
118-96-7,0,0.0,1.83,0.13,2.36,1.06,0,1,16,0.99,1
52663-63-5,6,6.561,2.37,0.21,6.47,1.2,0,0,0,5.54,2
101-53-1,0,5.768,2.21,0.18,3.4,1.47,0,0,1,1.4,3
608-73-1,6,0.0,0.0,0.32,4.09,0.95,0,0,0,2.81,1
51892-26-3,2,5.901,2.24,0.18,4.47,1.27,0,0,2,3.97,1
1212-29-9,1,3.045,0.08,0.27,2.73,3.0,2,1,0,0.65,3
79-01-6,3,0.0,0.32,0.41,2.08,0.2,0,0,0,1.16,1
100-40-3,0,0.0,0.52,0.25,2.65,1.31,0,0,0,2.24,1
76738-62-0,1,5.686,1.63,0.22,3.77,2.27,0,1,2,1.64,1
95-94-3,4,0.0,1.25,0.24,4.63,0.6,0,0,0,3.57,1
1763-23-1,1,3.219,0.12,0.12,3.88,1.18,0,0,3,3.73,2
315-18-4,0,3.684,1.31,0.18,1.85,1.85,1,1,5,1.42,1
938-86-3,4,0.0,1.26,0.21,3.91,0.77,0,0,1,3.51,1
1746-81-2,1,3.876,1.24,0.17,2.09,1.21,2,1,4,1.15,1
103-50-4,0,5.03,2.09,0.18,3.39,1.64,0,0,4,2.48,1
3337-71-1,1,4.15,1.38,0.21,-0.26,1.09,1,1,6,-0.12,1
121-73-3,1,0.0,1.49,0.17,2.51,0.71,0,1,4,1.89,2
94-52-0,0,5.55,2.32,0.13,1.37,0.89,0,1,4,0.32,1
141-93-5,0,0.0,1.22,0.21,3.56,1.81,0,0,0,2.77,1
98-73-7,0,0.0,1.32,0.22,2.95,1.52,0,0,4,0.5,3
"57837-19-1,70630-17-0",0,5.062,1.27,0.17,1.91,2.26,1,1,11,0.84,1
42576-02-3,2,6.745,2.46,0.16,3.72,1.6,0,1,13,3.18,1
60-57-1/72-20-8,6,6.201,0.34,0.22,4.45,1.81,0,0,2,3.89,1
112-40-3,0,1.386,0.0,0.38,5.4,3.25,0,0,0,2.59,3
79-46-9,0,0.0,0.41,0.23,0.73,0.8,0,1,0,0.62,1
68085-85-8,1,6.517,2.46,0.17,4.22,2.87,0,1,13,3.29,3
121-14-2,0,0.0,1.7,0.14,2.24,0.99,0,1,10,0.9,1
2460-49-3,2,0.0,1.25,0.18,2.43,0.79,0,0,3,1.98,1
52-68-6,4,0.0,0.13,0.38,0.49,0.76,0,0,2,-0.39,3
108-36-1,2,0.0,1.23,0.33,3.8,0.63,0,0,0,2.8,1
1825-21-4,5,0.0,1.27,0.21,4.19,0.76,0,0,1,4.16,1
5598-13-0,5,4.275,1.29,0.29,2.64,1.01,0,1,3,3.26,1
79-00-5,3,0.0,0.0,0.53,2.23,0.33,0,0,0,0.62,1
104294-16-8,5,6.219,2.31,0.2,5.22,1.23,0,0,2,3.95,3
314-40-9,1,2.197,0.61,0.21,1.8,1.79,2,1,7,0.6,1
64628-44-0,1,5.58,2.08,0.14,3.08,1.74,2,1,6,2.79,3
1570-64-5,1,0.0,1.24,0.2,2.46,0.84,0,0,1,1.28,1
6936-40-9,4,0.0,1.26,0.21,3.91,0.77,0,0,1,3.69,1
35694-08-7,8,6.853,2.34,0.21,6.93,1.18,0,0,0,5.81,2
119-64-2,0,4.375,2.37,0.17,3.39,1.06,0,0,0,2.5,1
100-61-8,0,0.0,1.22,0.18,1.86,0.92,0,1,0,0.83,1
95-77-2,2,0.0,1.24,0.2,2.73,0.63,0,0,1,1.75,1
1689-84-5,2,0.0,1.52,0.24,2.65,0.69,0,1,1,0.84,3
109-69-3,1,0.0,0.0,0.47,2.23,1.07,0,0,0,1.22,1
82-68-8,5,0.0,1.49,0.19,4.29,0.67,0,1,4,2.74,3
33284-54-7,4,6.241,2.31,0.2,5.99,1.23,0,0,0,4.71,1
106-47-8,1,0.0,1.23,0.2,2.13,0.68,0,1,0,0.72,1
50-30-6,2,0.0,1.39,0.18,2.89,0.74,0,0,4,0.02,3
51235-04-2,0,4.143,0.55,0.19,2.29,2.43,2,1,4,0.84,1
70-30-4,6,6.551,2.35,0.2,4.8,1.4,0,0,4,2.1,3
124495-18-7,2,7.4,3.39,0.16,4.3,1.58,0,1,3,3.7,1
36335-67-8,2,4.995,1.47,0.27,3.07,2.73,0,1,13,2.46,3
544-01-4,0,0.0,0.0,0.36,2.89,2.33,0,0,4,2.3,3
67-66-3,3,0.0,0.0,0.74,1.82,0.14,0,0,0,0.96,1
680-31-9,1,0.0,0.14,0.43,1.35,1.35,0,0,0,-0.55,3
84-51-5,0,7.15,2.65,0.15,3.4,2.03,0,0,10,1.6,3
1506-02-1,0,5.752,1.34,0.23,4.82,2.9,0,0,3,2.78,3
43121-43-3,1,5.736,1.67,0.2,3.32,2.0,0,1,7,1.81,1
129630-19-9,2,6.917,2.16,0.15,3.12,2.2,0,1,7,0.38,3
65733-16-6,0,3.85,0.9,0.26,3.97,3.58,0,0,7,2.66,3
110-00-9,0,0.0,0.95,0.16,0.16,0.44,0,0,0,0.52,1
98-54-4,0,0.0,1.19,0.24,2.81,1.42,0,0,1,1.79,1
60-51-5,3,0.0,0.26,0.59,-0.76,1.03,1,1,2,0.18,1
95-63-6,0,0.0,1.24,0.22,3.26,1.26,0,0,0,2.17,1
87-83-2,5,0.0,1.27,0.34,5.87,0.8,0,0,0,2.45,3
55219-65-3,1,5.686,1.63,0.2,3.41,2.07,0,1,7,1.32,3
2921-88-2,5,4.66,1.25,0.28,3.21,1.84,0,1,7,3.1,1
25154-54-5,0,4.808,1.77,0.13,1.89,0.8,0,1,8,1.16,1
122008-85-9,0,6.522,2.46,0.16,3.37,2.98,0,1,8,0.88,3
13358-11-7,0,5.72,0.46,0.22,4.25,4.51,1,1,10,3.07,3
62-53-3,0,0.0,1.23,0.18,1.51,0.69,0,1,0,0.26,1
56-38-2,2,4.78,1.42,0.25,2.22,2.01,0,1,13,2.05,3
96-96-8,0,0.0,1.49,0.14,1.18,0.92,0,1,5,0.79,1
98886-44-3,3,2.197,0.23,0.42,0.64,2.35,1,1,7,0.5,1
51630-58-1,1,6.554,2.94,0.18,4.83,3.14,0,1,15,3.01,3
950-37-8,4,3.555,0.54,0.45,-0.27,1.12,1,1,1,0.72,1
873-63-2,1,0.0,1.23,0.2,2.19,0.82,0,0,2,1.32,1
50-32-8,0,9.316,5.33,0.15,5.55,2.05,0,0,0,2.73,3
38380-03-9,5,6.405,2.34,0.21,6.23,1.21,0,0,0,5.18,2
133-06-2,4,4.234,0.55,0.3,1.82,1.42,1,1,6,1.98,1
33576-92-0,2,3.446,1.23,0.32,1.6,1.12,0,0,5,1.89,1
3813-05-6,2,5.247,1.47,0.19,1.6,1.09,1,1,7,1.56,2
583-78-8,2,0.0,1.24,0.2,2.73,0.63,0,0,1,1.11,3
66063-05-6,1,5.704,1.72,0.2,4.0,2.79,2,1,5,2.35,3
14816-18-3,2,5.059,1.65,0.26,1.85,2.17,0,1,8,2.89,1
622-57-1,0,0.0,1.21,0.2,2.51,1.49,0,1,0,0.52,3
85-01-8,0,7.71,3.53,0.16,4.33,1.47,0,0,0,3.36,1
59669-26-0,3,3.611,0.64,0.27,0.52,1.82,2,1,4,0.8,1
93-76-5,3,4.239,1.33,0.19,2.91,0.91,0,0,3,1.38,3
119-47-1,0,6.711,2.32,0.23,5.15,3.39,0,0,10,2.67,3
1194-65-6,2,0.0,1.56,0.19,2.96,0.7,0,1,0,2.0,1
129-00-0,0,8.699,4.16,0.15,4.76,1.65,0,0,0,2.97,1
74223-64-6,1,5.951,2.28,0.17,1.67,2.0,2,1,12,0.0,3
74070-46-5,1,6.278,2.38,0.15,2.99,1.4,0,1,6,3.46,2
62-44-2,0,3.056,1.31,0.17,1.68,1.6,1,1,3,1.23,2
121-92-6,0,0.0,1.6,0.13,1.64,0.83,0,1,8,0.6,1
57-15-8,3,0.0,0.0,0.36,1.94,0.72,0,0,0,0.27,3
85509-19-9,1,6.673,2.14,0.28,5.39,2.09,0,1,0,2.4,1
17804-35-2,0,6.553,2.29,0.15,1.66,2.42,2,1,3,1.43,1
57117-41-6,5,7.969,3.25,0.18,5.22,1.2,0,0,2,3.58,3
616-44-4,1,0.0,0.95,0.3,1.58,0.64,0,0,0,0.72,3
760-23-6,2,0.0,0.21,0.36,2.46,0.56,0,0,0,0.86,1
75-65-0,0,0.0,0.0,0.36,0.8,0.8,0,0,0,0.54,1
84-87-7,1,6.791,2.57,0.19,1.44,1.15,0,0,12,1.11,2
575-41-7,0,6.423,2.38,0.18,3.96,1.46,0,0,0,3.37,1
57117-43-8,5,7.969,3.27,0.18,5.22,1.21,0,0,2,3.57,3
86-74-8,0,7.233,3.24,0.15,2.86,1.31,0,1,0,2.18,1
335-76-2,0,3.332,0.06,0.1,5.12,1.33,0,0,2,2.65,2
2655-14-3,0,3.27,1.31,0.17,1.82,1.44,1,0,5,0.35,3
527-20-8,5,0.0,1.27,0.22,3.91,0.64,0,1,0,2.71,3
2385-85-5,12,6.405,0.0,0.23,6.52,1.3,0,0,0,4.31,1
556-67-2,4,0.0,0.0,0.73,-0.64,2.33,0,0,16,4.08,1
2437-79-8,4,6.366,2.33,0.21,5.99,1.22,0,0,0,4.39,1
24579-73-5,0,1.386,0.12,0.25,0.73,2.1,1,1,3,1.73,2
60145-21-3,5,6.386,2.37,0.21,6.23,1.21,0,0,0,4.58,1
82097-50-5,2,5.765,2.18,0.18,1.91,2.14,2,1,7,0.11,1
2312-35-8,1,5.43,1.27,0.23,3.27,3.09,0,0,10,4.14,2
115-29-7,7,5.231,0.44,0.24,3.12,1.39,0,0,8,3.44,2
121-82-4,0,0.0,0.62,0.13,1.4,0.92,0,1,0,0.3,1
1582-09-8,0,5.411,1.58,0.15,4.21,2.61,0,1,8,3.44,1
95-56-7,1,0.0,1.24,0.23,2.3,0.65,0,0,1,1.52,1
119738-06-6,1,7.44,3.41,0.16,2.73,3.13,0,1,11,2.53,1
2164-17-2,0,4.467,1.28,0.15,2.52,1.34,2,1,2,1.61,1
13286-32-3,2,4.559,1.15,0.36,2.25,2.12,0,0,7,1.51,3
7012-37-5,3,6.263,2.3,0.2,5.47,1.23,0,0,0,4.33,1
133-07-3,4,5.433,1.45,0.27,2.57,1.05,1,1,6,1.75,1
92-77-3,0,7.17,3.29,0.15,3.92,1.85,1,1,6,0.76,3
961-11-5,5,4.931,1.36,0.24,4.46,1.27,0,0,8,1.63,3
300-76-5,5,0.0,0.12,0.44,2.36,0.76,0,0,3,0.93,1
56-35-9,2,2.944,0.0,1.15,6.32,6.83,0,0,6,3.99,2
89-61-2,2,0.0,1.5,0.18,3.11,0.7,0,1,4,2.05,1
16517-11-6,0,4.605,0.03,0.1,8.32,2.4,0,0,2,2.65,2
108-78-1,0,0.0,1.24,0.12,-0.02,0.55,0,0,0,0.33,1
510-15-6,2,6.063,1.96,0.17,3.93,2.09,0,0,14,2.71,3
90-94-8,0,6.188,2.19,0.18,3.42,2.18,0,1,4,1.52,3
83164-33-4,0,6.87,3.48,0.13,4.24,2.1,1,1,6,3.11,1
59039-21-3,3,6.019,2.24,0.19,4.72,1.25,0,0,2,3.79,1
1712-70-5,1,0.0,1.36,0.21,3.74,1.03,0,0,0,2.87,1
1014-70-6,1,3.056,1.22,0.19,2.27,1.88,0,1,0,0.31,3
122-34-9,1,2.409,1.22,0.17,2.27,1.71,0,1,0,0.84,1
134098-61-6,0,6.747,3.7,0.18,4.08,3.29,0,1,13,3.2,1
18708-70-8,3,0.0,1.5,0.19,3.7,0.68,0,1,4,2.6,1
96-12-8,3,0.0,0.0,0.63,2.96,0.52,0,0,0,1.11,3
144-19-4,0,0.0,0.0,0.3,1.39,1.65,0,0,1,-0.16,3
99-71-8,0,0.0,1.19,0.21,2.81,1.69,0,0,1,1.35,3
99387-89-0,1,6.564,2.37,0.16,3.77,2.28,0,1,3,2.59,2
86-73-7,0,6.545,2.48,0.17,4.15,1.44,0,0,0,2.77,1
15972-60-8,1,4.808,1.32,0.19,3.18,2.45,1,1,5,1.12,3
88-06-2,3,0.0,1.25,0.21,3.31,0.62,0,0,1,1.92,3
2597-03-7,3,4.676,1.14,0.4,1.64,1.97,0,0,9,1.8,3
141112-29-0,1,6.676,2.3,0.19,2.86,2.06,0,1,10,1.04,1
40321-76-4,5,7.275,2.49,0.18,4.33,1.22,0,0,4,4.26,1
634-91-3,3,0.0,1.25,0.21,3.31,0.65,0,1,0,2.36,1
91-57-6,0,6.29,2.37,0.18,3.68,1.26,0,0,0,2.49,1
124-11-8,0,0.0,0.16,0.36,4.38,2.08,0,0,0,3.18,3
34883-41-5,2,6.099,2.28,0.2,4.95,1.25,0,0,0,3.44,1
732-11-6,3,5.671,1.48,0.35,1.02,1.52,1,1,4,0.41,3
65-85-0,0,0.0,1.36,0.15,1.7,0.77,0,0,4,1.0,1
1689-83-4,2,0.0,1.52,0.28,2.94,0.69,0,1,1,1.46,3
95465-99-9,3,0.0,0.11,0.64,2.68,2.83,0,0,9,2.34,1
1918-02-1,3,0.0,1.38,0.17,1.12,0.7,0,1,4,-1.7,3
504-24-5,0,0.0,1.23,0.16,-0.15,0.61,0,1,0,0.44,1
106-93-4,2,0.0,0.0,0.98,2.23,0.39,0,0,0,0.93,1
120-82-1,3,0.0,1.24,0.23,4.06,0.61,0,0,0,3.19,1
4640-01-1,3,6.193,2.31,0.18,4.09,1.41,0,0,5,3.5,1
944-61-6,4,2.151,1.27,0.19,3.31,0.94,0,0,4,4.4,2
535-77-3,0,0.0,1.22,0.24,3.56,1.56,0,0,0,2.75,1
42874-03-3,1,6.709,2.4,0.14,4.12,2.04,0,1,7,3.21,1
91-17-8/493-01-6/493-02-7,0,2.565,0.0,0.29,4.43,2.28,0,0,0,3.37,1
56-72-4,3,6.501,1.75,0.23,3.17,2.45,0,0,14,2.73,1
2668-24-8,3,0.0,1.26,0.19,2.74,0.78,0,0,3,2.07,1
298-06-6,3,0.0,0.16,0.66,0.18,1.31,0,0,2,0.45,1
886-50-0,1,3.726,1.21,0.23,2.89,2.07,0,1,0,1.95,3
504-29-0,0,0.0,1.23,0.16,0.67,0.62,0,1,0,1.04,2
2642-71-9,3,6.099,1.77,0.34,1.48,2.33,1,1,4,2.27,1
98-08-8,0,0.0,1.19,0.13,3.37,0.78,0,0,0,1.67,1
92-52-4,0,5.732,2.28,0.17,3.88,1.29,0,0,0,2.64,1
112281-77-3,2,5.894,1.61,0.16,4.28,1.78,0,1,2,1.55,3
7085-19-0,1,4.123,1.3,0.18,2.38,1.4,0,0,3,0.48,3
76-87-9,1,6.711,2.33,0.46,4.95,2.07,0,0,6,3.49,2
118-74-1,6,0.0,1.27,0.23,5.21,0.59,0,0,0,4.27,1
13029-08-8,2,5.991,2.35,0.19,4.95,1.26,0,0,0,3.64,1
298-04-4,4,1.099,0.12,0.68,1.65,2.3,0,0,4,2.48,1
639-58-7,2,6.711,2.33,0.58,6.2,2.06,0,0,0,3.14,1
37680-65-2,3,6.149,2.35,0.2,5.47,1.24,0,0,0,4.23,1
33089-61-1,0,6.186,3.28,0.19,4.9,2.58,0,1,0,3.26,3
25321-09-9,0,3.446,1.25,0.25,4.14,2.06,0,0,0,3.26,1
5510-99-6,0,3.596,1.23,0.22,3.92,2.73,0,0,5,2.47,3
93-72-1,3,4.343,1.31,0.19,3.2,1.17,0,0,3,1.76,3
920-66-1,0,0.0,0.0,0.1,1.59,0.45,0,0,0,0.32,1
101-21-3,1,3.726,1.25,0.2,2.38,1.52,1,1,6,2.16,1
118-83-2,1,4.523,1.49,0.14,3.58,0.83,0,1,6,1.95,1
198-55-0,0,9.298,5.29,0.15,5.55,2.06,0,0,0,2.38,3
95-82-9,2,0.0,1.24,0.21,2.73,0.66,0,1,0,1.24,1
13540-50-6,0,5.901,2.25,0.2,4.67,1.87,0,0,0,3.23,3
80-05-7,0,5.901,2.1,0.18,3.31,1.84,0,0,2,1.52,3
41464-41-9,4,6.263,2.38,0.2,5.99,1.23,0,0,0,4.46,1
260-94-6,0,7.744,3.53,0.15,3.05,1.39,0,1,0,2.25,1
731-27-1,4,4.343,1.19,0.31,2.85,1.56,0,1,6,1.87,3
96-18-4,3,0.0,0.0,0.43,2.6,0.52,0,0,0,1.07,1
72490-01-8,0,6.08,2.21,0.16,2.37,2.48,1,1,7,2.33,3
108-86-1,1,0.0,1.23,0.28,3.05,0.65,0,0,0,1.4,1
606-28-0,0,6.113,2.39,0.15,3.39,1.65,0,0,11,1.01,3
92-86-4,2,6.196,2.27,0.24,5.2,1.25,0,0,0,3.96,1
767-00-0,0,0.0,1.53,0.15,1.16,0.72,0,1,1,0.91,1
84-74-2,0,5.089,1.42,0.19,3.62,3.02,0,0,16,2.23,3
79538-32-2,1,5.536,1.49,0.16,5.87,2.32,0,0,9,3.48,3
554-84-7,0,0.0,1.49,0.14,1.35,0.72,0,1,5,1.4,1
71-43-2,0,0.0,0.0,0.35,3.12,1.5,0,0,0,0.63,1
95-78-3,0,0.0,1.24,0.2,2.19,1.09,0,1,0,0.54,1
591-20-8,1,0.0,1.23,0.24,2.3,0.64,0,0,1,1.1,1
98-83-9,0,0.0,1.36,0.2,3.17,1.05,0,0,0,1.89,1
3380-34-5,3,6.124,2.28,0.18,3.84,1.25,0,0,4,1.7,3
99-99-0,0,0.0,1.49,0.16,2.24,0.92,0,1,4,0.91,1
100-42-5,0,0.0,1.4,0.18,2.85,0.86,0,0,0,1.13,3
131807-57-3,0,6.895,2.96,0.15,3.26,2.62,1,1,11,3.48,1
110-82-7,0,0.0,1.22,0.19,2.26,0.67,0,0,0,1.94,1
108-88-3,0,0.0,1.23,0.21,2.61,0.86,0,0,0,0.92,3
92-69-3,0,5.932,2.27,0.16,3.13,1.28,0,0,1,1.64,1
111-94-4,0,0.0,0.58,0.22,-0.38,1.1,0,1,0,-0.13,1
2539-17-5,4,0.0,1.27,0.19,3.03,0.78,0,0,3,2.56,3
74-97-5,2,0.0,0.0,1.58,1.6,0.14,0,0,0,0.53,1
115-28-6,6,4.007,0.52,0.21,2.62,1.16,0,0,16,0.08,3
634-66-2,4,0.0,1.26,0.23,4.63,0.61,0,0,0,3.52,1
32598-13-3,4,6.477,2.28,0.2,5.99,1.22,0,0,0,4.35,1
67-72-1,6,0.0,0.0,0.46,3.29,0.28,0,0,0,2.42,1
41464-39-5,4,6.326,2.35,0.2,5.99,1.23,0,0,0,4.84,2
97-23-4,2,6.157,2.3,0.18,3.84,1.44,0,0,4,2.19,3
56348-72-2,4,6.188,2.23,0.2,4.97,1.24,0,0,2,4.43,1
3319-31-1,0,6.081,1.36,0.23,6.63,7.19,0,0,25,0.6,3
102-70-5,0,0.0,0.43,0.23,2.24,1.3,0,1,0,0.54,3
5124-25-4,1,6.906,3.02,0.18,3.14,2.17,0,1,12,1.58,3
32598-10-0,4,6.386,2.31,0.21,5.99,1.22,0,0,0,4.56,1
55-38-9,3,4.007,1.26,0.32,2.49,1.47,0,0,6,2.39,1
30560-19-1,2,0.0,0.29,0.5,-0.76,0.84,1,1,2,-1.52,3
86-87-3,0,6.589,2.48,0.16,2.79,1.36,0,0,4,0.29,3
76-03-9,3,0.0,0.19,0.34,1.0,0.26,0,0,0,0.13,1
95-76-1,2,0.0,1.24,0.21,2.73,0.66,0,1,0,1.13,1
96-29-7,0,0.0,0.31,0.24,0.59,0.97,0,1,1,0.44,1
74115-24-5,2,7.199,3.33,0.16,5.07,1.6,0,1,0,2.39,1
791-31-1,1,6.711,2.33,0.27,4.95,2.07,0,0,6,2.85,3
54135-80-7,3,0.0,1.25,0.2,3.62,0.78,0,0,1,2.96,1
105-06-6,0,0.0,1.53,0.17,3.39,1.06,0,0,0,2.48,1
142459-58-3,1,5.244,1.74,0.17,3.3,2.11,1,1,8,1.85,1
33857-26-0,2,6.975,2.48,0.16,3.05,1.25,0,0,4,2.47,3
5902-51-2,1,0.0,0.61,0.21,1.65,1.52,2,1,9,0.78,1
10453-86-8,0,6.117,2.15,0.2,3.91,3.06,0,0,10,3.55,3
935-95-5,4,0.0,1.26,0.21,3.62,0.61,0,0,1,2.15,1
3811-49-2,2,5.154,1.35,0.28,1.21,1.11,0,0,5,1.35,1
6731-36-8,0,3.434,0.0,0.27,3.87,3.39,0,0,14,3.99,3
66246-88-6,2,5.596,1.79,0.21,4.6,2.15,0,1,0,1.97,1
479-27-6,0,6.423,2.39,0.16,2.02,1.13,0,1,0,0.78,1
118-91-2,1,0.0,1.38,0.17,2.3,0.75,0,0,4,0.75,1
554-00-7,2,0.0,1.24,0.21,2.73,0.66,0,1,0,1.38,1
2050-67-1,2,6.149,2.29,0.2,4.95,1.25,0,0,0,2.63,3
626-39-1,3,0.0,1.24,0.36,4.51,0.61,0,0,0,3.62,1
96-69-5,1,6.692,2.3,0.24,5.47,3.23,0,0,10,0.82,3
69806-40-2/72619-32-0,1,6.501,2.31,0.14,3.41,2.04,0,1,6,1.23,3
106-42-3,0,0.0,1.23,0.22,2.94,1.06,0,0,0,1.17,3
76-93-7,0,5.614,2.02,0.15,2.41,1.55,0,0,12,0.02,3
13674-84-5,4,0.0,0.1,0.29,3.23,2.01,0,0,18,0.69,3
16219-75-3,0,0.0,0.63,0.22,2.96,1.46,0,0,0,2.05,3
34014-18-1,1,2.409,1.02,0.24,1.24,1.69,2,1,0,0.42,1
119-93-7,0,6.477,2.28,0.17,3.05,1.74,0,1,0,1.64,1
119-56-2,1,5.768,2.15,0.18,3.66,1.44,0,0,4,1.82,3
591-35-5,2,0.0,1.24,0.21,2.73,0.62,0,0,1,1.92,1
76-83-5,1,6.711,2.33,0.18,5.63,2.06,0,0,0,2.63,3
120-12-7,0,7.744,3.53,0.16,4.33,1.46,0,0,0,3.26,1
105-67-9,0,0.0,1.24,0.19,2.19,1.06,0,0,1,1.18,1
107-39-1,0,0.0,0.17,0.37,3.15,1.38,0,0,0,2.81,1
618-62-2,2,0.0,1.49,0.18,3.11,0.69,0,1,4,2.23,1
128639-02-1,2,6.425,1.66,0.16,4.34,2.36,2,1,6,2.25,1
634-83-3,4,0.0,1.26,0.21,3.62,0.64,0,1,0,2.21,3
82560-54-1,1,5.557,1.3,0.21,2.25,3.66,1,1,8,1.95,3
2310-17-0,4,5.502,1.35,0.34,1.66,2.25,1,1,5,2.26,3
1918-16-7,1,2.784,1.2,0.2,2.82,1.68,1,1,4,1.57,1
115-32-2,5,5.901,1.97,0.23,5.15,1.53,0,0,4,3.78,1
102-06-7,0,5.03,2.07,0.16,3.09,1.54,0,1,0,1.05,2
19044-88-3,1,5.524,1.72,0.19,1.96,2.59,0,1,12,1.88,3
92-70-6,0,6.711,2.5,0.14,2.72,1.16,0,0,6,0.46,3
127-18-4,4,0.0,0.34,0.4,2.46,0.21,0,0,0,1.78,1
59365-60-5,1,2.151,1.22,0.19,1.63,1.02,0,0,4,0.39,1
879-39-0,4,0.0,1.49,0.19,4.0,0.68,0,1,4,1.9,3
17700-09-3,3,0.0,1.49,0.18,3.7,0.69,0,1,4,2.2,1
5915-41-3,1,3.056,1.21,0.21,2.89,1.9,0,1,0,0.84,3
39515-41-8/64257-84-7,0,6.428,2.25,0.19,3.56,2.92,0,1,15,3.04,3
26644-46-2,6,4.043,0.16,0.29,1.4,1.86,2,1,2,0.0,3
109-09-1,1,0.0,1.23,0.19,1.11,0.57,0,1,0,1.03,2
